meeting_id,email,participant_role
01KQ03B0303900521BB089CA,megan.lawson@aegiscloud.com,all_email
01KQ03B0303900521BB089CA,raj.kapoor@aegiscloud.com,all_email
01KQ03B0303900521BB089CA,brian.cho@aegiscloud.com,all_email
01KQ03B0303900521BB089CA,megan.lawson@aegiscloud.com,invitee
01KQ03B0303900521BB089CA,raj.kapoor@aegiscloud.com,invitee
01KQ03B0303900521BB089CA,brian.cho@aegiscloud.com,invitee
01KQ0C1280EDA4E70AAD7C35,sarah.chen@aegiscloud.com,all_email
01KQ0C1280EDA4E70AAD7C35,g.fisk@summittrust.com,all_email
01KQ0C1280EDA4E70AAD7C35,sarah.chen@aegiscloud.com,invitee
01KQ0C1280EDA4E70AAD7C35,g.fisk@summittrust.com,invitee
01KQ0CAE7F064EC93F0540CA,chris.lee@aegiscloud.com,all_email
01KQ0CAE7F064EC93F0540CA,mike.romano@aegiscloud.com,all_email
01KQ0CAE7F064EC93F0540CA,tyler.washington@aegiscloud.com,all_email
01KQ0CAE7F064EC93F0540CA,tom.bradley@aegiscloud.com,all_email
01KQ0CAE7F064EC93F0540CA,chris.lee@aegiscloud.com,invitee
01KQ0CAE7F064EC93F0540CA,mike.romano@aegiscloud.com,invitee
01KQ0CAE7F064EC93F0540CA,tyler.washington@aegiscloud.com,invitee
01KQ0CAE7F064EC93F0540CA,tom.bradley@aegiscloud.com,invitee
01KQ0DFE299AC7A74E8022CA,kevin.obrien@aegiscloud.com,all_email
01KQ0DFE299AC7A74E8022CA,daniel.okafor@aegiscloud.com,all_email
01KQ0DFE299AC7A74E8022CA,t.hargrove@redwoodclinical.com,all_email
01KQ0DFE299AC7A74E8022CA,kevin.obrien@aegiscloud.com,invitee
01KQ0DFE299AC7A74E8022CA,daniel.okafor@aegiscloud.com,invitee
01KQ0DFE299AC7A74E8022CA,t.hargrove@redwoodclinical.com,invitee
01KQ0F8AFF3DA34FD4580008,lisa.park@aegiscloud.com,all_email
01KQ0F8AFF3DA34FD4580008,l.bishop@cobaltsoftware.com,all_email
01KQ0F8AFF3DA34FD4580008,lisa.park@aegiscloud.com,invitee
01KQ0F8AFF3DA34FD4580008,l.bishop@cobaltsoftware.com,invitee
01KQ1267C6AA7D9B3125FEC8,tyler.washington@aegiscloud.com,all_email
01KQ1267C6AA7D9B3125FEC8,raj.kapoor@aegiscloud.com,all_email
01KQ1267C6AA7D9B3125FEC8,ravi.gupta@aegiscloud.com,all_email
01KQ1267C6AA7D9B3125FEC8,brian.cho@aegiscloud.com,all_email
01KQ1267C6AA7D9B3125FEC8,mike.romano@aegiscloud.com,all_email
01KQ1267C6AA7D9B3125FEC8,tyler.washington@aegiscloud.com,invitee
01KQ1267C6AA7D9B3125FEC8,raj.kapoor@aegiscloud.com,invitee
01KQ1267C6AA7D9B3125FEC8,ravi.gupta@aegiscloud.com,invitee
01KQ1267C6AA7D9B3125FEC8,brian.cho@aegiscloud.com,invitee
01KQ1267C6AA7D9B3125FEC8,mike.romano@aegiscloud.com,invitee
01KQ1A6B7E81B06F4A13B60D,david.kim@aegiscloud.com,all_email
01KQ1A6B7E81B06F4A13B60D,k.wallace@brightpathcommerce.com,all_email
01KQ1A6B7E81B06F4A13B60D,david.kim@aegiscloud.com,invitee
01KQ1A6B7E81B06F4A13B60D,k.wallace@brightpathcommerce.com,invitee
01KQ1DC6CA536DE1B31ED8F5,rachel.torres@aegiscloud.com,all_email
01KQ1DC6CA536DE1B31ED8F5,maria.santos@aegiscloud.com,all_email
01KQ1DC6CA536DE1B31ED8F5,w.keller@atlasprecision.com,all_email
01KQ1DC6CA536DE1B31ED8F5,rachel.torres@aegiscloud.com,invitee
01KQ1DC6CA536DE1B31ED8F5,maria.santos@aegiscloud.com,invitee
01KQ1DC6CA536DE1B31ED8F5,w.keller@atlasprecision.com,invitee
01KQ1DCC80852AE384C898C9,maria.santos@aegiscloud.com,all_email
01KQ1DCC80852AE384C898C9,b.foster@quantumedge.com,all_email
01KQ1DCC80852AE384C898C9,l.marquez@quantumedge.com,all_email
01KQ1DCC80852AE384C898C9,maria.santos@aegiscloud.com,invitee
01KQ1DCC80852AE384C898C9,b.foster@quantumedge.com,invitee
01KQ1DCC80852AE384C898C9,l.marquez@quantumedge.com,invitee
01KQ1DE954A807A5D2653175,megan.lawson@aegiscloud.com,all_email
01KQ1DE954A807A5D2653175,chris.lee@aegiscloud.com,all_email
01KQ1DE954A807A5D2653175,megan.lawson@aegiscloud.com,invitee
01KQ1DE954A807A5D2653175,chris.lee@aegiscloud.com,invitee
01KQ2217B066855A3B7814CB,rachel.torres@aegiscloud.com,all_email
01KQ2217B066855A3B7814CB,lisa.park@aegiscloud.com,all_email
01KQ2217B066855A3B7814CB,ravi.gupta@aegiscloud.com,all_email
01KQ2217B066855A3B7814CB,s.nakamura@meridiancapital.com,all_email
01KQ2217B066855A3B7814CB,rachel.torres@aegiscloud.com,invitee
01KQ2217B066855A3B7814CB,lisa.park@aegiscloud.com,invitee
01KQ2217B066855A3B7814CB,ravi.gupta@aegiscloud.com,invitee
01KQ2217B066855A3B7814CB,s.nakamura@meridiancapital.com,invitee
01KQ2331EFD78BF3B1CAB747,lisa.park@aegiscloud.com,all_email
01KQ2331EFD78BF3B1CAB747,priya.patel@aegiscloud.com,all_email
01KQ2331EFD78BF3B1CAB747,diana.reeves@aegiscloud.com,all_email
01KQ2331EFD78BF3B1CAB747,aisha.johnson@aegiscloud.com,all_email
01KQ2331EFD78BF3B1CAB747,lisa.park@aegiscloud.com,invitee
01KQ2331EFD78BF3B1CAB747,priya.patel@aegiscloud.com,invitee
01KQ2331EFD78BF3B1CAB747,diana.reeves@aegiscloud.com,invitee
01KQ2331EFD78BF3B1CAB747,aisha.johnson@aegiscloud.com,invitee
01KQ25D8AED944B5D2A9FF60,sarah.chen@aegiscloud.com,all_email
01KQ25D8AED944B5D2A9FF60,j.hoffman@meridiancapital.com,all_email
01KQ25D8AED944B5D2A9FF60,sarah.chen@aegiscloud.com,invitee
01KQ25D8AED944B5D2A9FF60,j.hoffman@meridiancapital.com,invitee
01KQ298F2846EFE59B0D70E2,megan.lawson@aegiscloud.com,all_email
01KQ298F2846EFE59B0D70E2,tom.bradley@aegiscloud.com,all_email
01KQ298F2846EFE59B0D70E2,james.mitchell@aegiscloud.com,all_email
01KQ298F2846EFE59B0D70E2,brian.cho@aegiscloud.com,all_email
01KQ298F2846EFE59B0D70E2,daniel.okafor@aegiscloud.com,all_email
01KQ298F2846EFE59B0D70E2,megan.lawson@aegiscloud.com,invitee
01KQ298F2846EFE59B0D70E2,tom.bradley@aegiscloud.com,invitee
01KQ298F2846EFE59B0D70E2,james.mitchell@aegiscloud.com,invitee
01KQ298F2846EFE59B0D70E2,brian.cho@aegiscloud.com,invitee
01KQ298F2846EFE59B0D70E2,daniel.okafor@aegiscloud.com,invitee
01KQ2B4878EC7B3EE5547007,daniel.okafor@aegiscloud.com,all_email
01KQ2B4878EC7B3EE5547007,james.mitchell@aegiscloud.com,all_email
01KQ2B4878EC7B3EE5547007,d.rowe@stratoscloud.io,all_email
01KQ2B4878EC7B3EE5547007,daniel.okafor@aegiscloud.com,invitee
01KQ2B4878EC7B3EE5547007,james.mitchell@aegiscloud.com,invitee
01KQ2B4878EC7B3EE5547007,d.rowe@stratoscloud.io,invitee
01KQ2D93184912F0147315E7,marcus.williams@aegiscloud.com,all_email
01KQ2D93184912F0147315E7,j.tran@blackridgeinvest.com,all_email
01KQ2D93184912F0147315E7,marcus.williams@aegiscloud.com,invitee
01KQ2D93184912F0147315E7,j.tran@blackridgeinvest.com,invitee
01KQ31ED026F745FE2A55CCD,ananya.sharma@aegiscloud.com,all_email
01KQ31ED026F745FE2A55CCD,sofia.petrov@aegiscloud.com,all_email
01KQ31ED026F745FE2A55CCD,jordan.whitfield@aegiscloud.com,all_email
01KQ31ED026F745FE2A55CCD,alex.reyes@aegiscloud.com,all_email
01KQ31ED026F745FE2A55CCD,mike.romano@aegiscloud.com,all_email
01KQ31ED026F745FE2A55CCD,ananya.sharma@aegiscloud.com,invitee
01KQ31ED026F745FE2A55CCD,sofia.petrov@aegiscloud.com,invitee
01KQ31ED026F745FE2A55CCD,jordan.whitfield@aegiscloud.com,invitee
01KQ31ED026F745FE2A55CCD,alex.reyes@aegiscloud.com,invitee
01KQ31ED026F745FE2A55CCD,mike.romano@aegiscloud.com,invitee
01KQ325BDEDEE927D2970775,priya.patel@aegiscloud.com,all_email
01KQ325BDEDEE927D2970775,p.schneider@ridgelinelogistics.com,all_email
01KQ325BDEDEE927D2970775,priya.patel@aegiscloud.com,invitee
01KQ325BDEDEE927D2970775,p.schneider@ridgelinelogistics.com,invitee
01KQ351E141926AB7CAB668D,maria.santos@aegiscloud.com,all_email
01KQ351E141926AB7CAB668D,g.yoon@northstarpharma.com,all_email
01KQ351E141926AB7CAB668D,maria.santos@aegiscloud.com,invitee
01KQ351E141926AB7CAB668D,g.yoon@northstarpharma.com,invitee
01KQ38C4101D6774F2F02331,brian.cho@aegiscloud.com,all_email
01KQ38C4101D6774F2F02331,tom.bradley@aegiscloud.com,all_email
01KQ38C4101D6774F2F02331,ananya.sharma@aegiscloud.com,all_email
01KQ38C4101D6774F2F02331,sofia.petrov@aegiscloud.com,all_email
01KQ38C4101D6774F2F02331,brian.cho@aegiscloud.com,invitee
01KQ38C4101D6774F2F02331,tom.bradley@aegiscloud.com,invitee
01KQ38C4101D6774F2F02331,ananya.sharma@aegiscloud.com,invitee
01KQ38C4101D6774F2F02331,sofia.petrov@aegiscloud.com,invitee
01KQ38FE02AEE5AA5157F042,marcus.williams@aegiscloud.com,all_email
01KQ38FE02AEE5AA5157F042,o.grant@pinnacleins.com,all_email
01KQ38FE02AEE5AA5157F042,marcus.williams@aegiscloud.com,invitee
01KQ38FE02AEE5AA5157F042,o.grant@pinnacleins.com,invitee
01KQ3BD8DEEBC7FECD107F0F,lisa.park@aegiscloud.com,all_email
01KQ3BD8DEEBC7FECD107F0F,maria.santos@aegiscloud.com,all_email
01KQ3BD8DEEBC7FECD107F0F,j.tran@blackridgeinvest.com,all_email
01KQ3BD8DEEBC7FECD107F0F,w.beck@blackridgeinvest.com,all_email
01KQ3BD8DEEBC7FECD107F0F,lisa.park@aegiscloud.com,invitee
01KQ3BD8DEEBC7FECD107F0F,maria.santos@aegiscloud.com,invitee
01KQ3BD8DEEBC7FECD107F0F,j.tran@blackridgeinvest.com,invitee
01KQ3BD8DEEBC7FECD107F0F,w.beck@blackridgeinvest.com,invitee
01KQ3C837D7EF689408DCF95,priya.patel@aegiscloud.com,all_email
01KQ3C837D7EF689408DCF95,sarah.chen@aegiscloud.com,all_email
01KQ3C837D7EF689408DCF95,y.tanaka@pineridge.io,all_email
01KQ3C837D7EF689408DCF95,priya.patel@aegiscloud.com,invitee
01KQ3C837D7EF689408DCF95,sarah.chen@aegiscloud.com,invitee
01KQ3C837D7EF689408DCF95,y.tanaka@pineridge.io,invitee
01KQ3CE40428CCC5FF433FFC,tom.bradley@aegiscloud.com,all_email
01KQ3CE40428CCC5FF433FFC,diana.reeves@aegiscloud.com,all_email
01KQ3CE40428CCC5FF433FFC,megan.lawson@aegiscloud.com,all_email
01KQ3CE40428CCC5FF433FFC,tom.bradley@aegiscloud.com,invitee
01KQ3CE40428CCC5FF433FFC,diana.reeves@aegiscloud.com,invitee
01KQ3CE40428CCC5FF433FFC,megan.lawson@aegiscloud.com,invitee
01KQ3D8C1EF16C042F31FAFD,rachel.torres@aegiscloud.com,all_email
01KQ3D8C1EF16C042F31FAFD,chris.lee@aegiscloud.com,all_email
01KQ3D8C1EF16C042F31FAFD,i.brennan@trailheadmkt.com,all_email
01KQ3D8C1EF16C042F31FAFD,rachel.torres@aegiscloud.com,invitee
01KQ3D8C1EF16C042F31FAFD,chris.lee@aegiscloud.com,invitee
01KQ3D8C1EF16C042F31FAFD,i.brennan@trailheadmkt.com,invitee
01KQ3F90FF9EBC3DB3632514,nina.kowalski@aegiscloud.com,all_email
01KQ3F90FF9EBC3DB3632514,sofia.petrov@aegiscloud.com,all_email
01KQ3F90FF9EBC3DB3632514,tyler.washington@aegiscloud.com,all_email
01KQ3F90FF9EBC3DB3632514,mike.romano@aegiscloud.com,all_email
01KQ3F90FF9EBC3DB3632514,nina.kowalski@aegiscloud.com,invitee
01KQ3F90FF9EBC3DB3632514,sofia.petrov@aegiscloud.com,invitee
01KQ3F90FF9EBC3DB3632514,tyler.washington@aegiscloud.com,invitee
01KQ3F90FF9EBC3DB3632514,mike.romano@aegiscloud.com,invitee
01KQ410FB7E434BA3F99EE7D,aisha.johnson@aegiscloud.com,all_email
01KQ410FB7E434BA3F99EE7D,r.caldwell@axiomlabs.dev,all_email
01KQ410FB7E434BA3F99EE7D,m.joshi@axiomlabs.dev,all_email
01KQ410FB7E434BA3F99EE7D,aisha.johnson@aegiscloud.com,invitee
01KQ410FB7E434BA3F99EE7D,r.caldwell@axiomlabs.dev,invitee
01KQ410FB7E434BA3F99EE7D,m.joshi@axiomlabs.dev,invitee
01KQ41FB5CCFD9EA583FB020,kevin.obrien@aegiscloud.com,all_email
01KQ41FB5CCFD9EA583FB020,lisa.park@aegiscloud.com,all_email
01KQ41FB5CCFD9EA583FB020,m.russo@harborviewbank.com,all_email
01KQ41FB5CCFD9EA583FB020,p.dunn@harborviewbank.com,all_email
01KQ41FB5CCFD9EA583FB020,kevin.obrien@aegiscloud.com,invitee
01KQ41FB5CCFD9EA583FB020,lisa.park@aegiscloud.com,invitee
01KQ41FB5CCFD9EA583FB020,m.russo@harborviewbank.com,invitee
01KQ41FB5CCFD9EA583FB020,p.dunn@harborviewbank.com,invitee
01KQ445B1B5B890316C9E300,ravi.gupta@aegiscloud.com,all_email
01KQ445B1B5B890316C9E300,sofia.petrov@aegiscloud.com,all_email
01KQ445B1B5B890316C9E300,raj.kapoor@aegiscloud.com,all_email
01KQ445B1B5B890316C9E300,ravi.gupta@aegiscloud.com,invitee
01KQ445B1B5B890316C9E300,sofia.petrov@aegiscloud.com,invitee
01KQ445B1B5B890316C9E300,raj.kapoor@aegiscloud.com,invitee
01KQ4529010F423FD9DB40BD,kevin.obrien@aegiscloud.com,all_email
01KQ4529010F423FD9DB40BD,brian.cho@aegiscloud.com,all_email
01KQ4529010F423FD9DB40BD,raj.kapoor@aegiscloud.com,all_email
01KQ4529010F423FD9DB40BD,maria.santos@aegiscloud.com,all_email
01KQ4529010F423FD9DB40BD,kevin.obrien@aegiscloud.com,invitee
01KQ4529010F423FD9DB40BD,brian.cho@aegiscloud.com,invitee
01KQ4529010F423FD9DB40BD,raj.kapoor@aegiscloud.com,invitee
01KQ4529010F423FD9DB40BD,maria.santos@aegiscloud.com,invitee
01KQ45C0AD36B351A3571940,kevin.obrien@aegiscloud.com,all_email
01KQ45C0AD36B351A3571940,d.flores@silverlinebrands.com,all_email
01KQ45C0AD36B351A3571940,kevin.obrien@aegiscloud.com,invitee
01KQ45C0AD36B351A3571940,d.flores@silverlinebrands.com,invitee
01KQ45C76AF3AEA6B3EA6697,daniel.okafor@aegiscloud.com,all_email
01KQ45C76AF3AEA6B3EA6697,sofia.petrov@aegiscloud.com,all_email
01KQ45C76AF3AEA6B3EA6697,h.jensen@steelpointmfg.com,all_email
01KQ45C76AF3AEA6B3EA6697,daniel.okafor@aegiscloud.com,invitee
01KQ45C76AF3AEA6B3EA6697,sofia.petrov@aegiscloud.com,invitee
01KQ45C76AF3AEA6B3EA6697,h.jensen@steelpointmfg.com,invitee
01KQ45F6F7349D0A620571F1,aisha.johnson@aegiscloud.com,all_email
01KQ45F6F7349D0A620571F1,k.wallace@brightpathcommerce.com,all_email
01KQ45F6F7349D0A620571F1,aisha.johnson@aegiscloud.com,invitee
01KQ45F6F7349D0A620571F1,k.wallace@brightpathcommerce.com,invitee
01KQ46A9DE0AECB006D897A0,tyler.washington@aegiscloud.com,all_email
01KQ46A9DE0AECB006D897A0,diana.reeves@aegiscloud.com,all_email
01KQ46A9DE0AECB006D897A0,marcus.williams@aegiscloud.com,all_email
01KQ46A9DE0AECB006D897A0,tyler.washington@aegiscloud.com,invitee
01KQ46A9DE0AECB006D897A0,diana.reeves@aegiscloud.com,invitee
01KQ46A9DE0AECB006D897A0,marcus.williams@aegiscloud.com,invitee
01KQ4D01DCB15C69672AB5AF,aisha.johnson@aegiscloud.com,all_email
01KQ4D01DCB15C69672AB5AF,kevin.obrien@aegiscloud.com,all_email
01KQ4D01DCB15C69672AB5AF,mike.romano@aegiscloud.com,all_email
01KQ4D01DCB15C69672AB5AF,n.simmons@clearwatermed.com,all_email
01KQ4D01DCB15C69672AB5AF,a.mehta@clearwatermed.com,all_email
01KQ4D01DCB15C69672AB5AF,aisha.johnson@aegiscloud.com,invitee
01KQ4D01DCB15C69672AB5AF,kevin.obrien@aegiscloud.com,invitee
01KQ4D01DCB15C69672AB5AF,mike.romano@aegiscloud.com,invitee
01KQ4D01DCB15C69672AB5AF,n.simmons@clearwatermed.com,invitee
01KQ4D01DCB15C69672AB5AF,a.mehta@clearwatermed.com,invitee
01KQ4D504CE09A8F6ECA1F5A,ananya.sharma@aegiscloud.com,all_email
01KQ4D504CE09A8F6ECA1F5A,hannah.liu@aegiscloud.com,all_email
01KQ4D504CE09A8F6ECA1F5A,nina.kowalski@aegiscloud.com,all_email
01KQ4D504CE09A8F6ECA1F5A,ananya.sharma@aegiscloud.com,invitee
01KQ4D504CE09A8F6ECA1F5A,hannah.liu@aegiscloud.com,invitee
01KQ4D504CE09A8F6ECA1F5A,nina.kowalski@aegiscloud.com,invitee
01KQ4D71CDFB1045A2458216,james.mitchell@aegiscloud.com,all_email
01KQ4D71CDFB1045A2458216,kevin.obrien@aegiscloud.com,all_email
01KQ4D71CDFB1045A2458216,ravi.gupta@aegiscloud.com,all_email
01KQ4D71CDFB1045A2458216,e.park@bridgeporthealth.com,all_email
01KQ4D71CDFB1045A2458216,james.mitchell@aegiscloud.com,invitee
01KQ4D71CDFB1045A2458216,kevin.obrien@aegiscloud.com,invitee
01KQ4D71CDFB1045A2458216,ravi.gupta@aegiscloud.com,invitee
01KQ4D71CDFB1045A2458216,e.park@bridgeporthealth.com,invitee
01KQ4EE836687F95080D92AB,mike.romano@aegiscloud.com,all_email
01KQ4EE836687F95080D92AB,ananya.sharma@aegiscloud.com,all_email
01KQ4EE836687F95080D92AB,chris.lee@aegiscloud.com,all_email
01KQ4EE836687F95080D92AB,nina.kowalski@aegiscloud.com,all_email
01KQ4EE836687F95080D92AB,mike.romano@aegiscloud.com,invitee
01KQ4EE836687F95080D92AB,ananya.sharma@aegiscloud.com,invitee
01KQ4EE836687F95080D92AB,chris.lee@aegiscloud.com,invitee
01KQ4EE836687F95080D92AB,nina.kowalski@aegiscloud.com,invitee
01KQ51DC4345D9DAE005678C,daniel.okafor@aegiscloud.com,all_email
01KQ51DC4345D9DAE005678C,lisa.park@aegiscloud.com,all_email
01KQ51DC4345D9DAE005678C,t.hargrove@redwoodclinical.com,all_email
01KQ51DC4345D9DAE005678C,daniel.okafor@aegiscloud.com,invitee
01KQ51DC4345D9DAE005678C,lisa.park@aegiscloud.com,invitee
01KQ51DC4345D9DAE005678C,t.hargrove@redwoodclinical.com,invitee
01KQ54917E3931712516916D,kevin.obrien@aegiscloud.com,all_email
01KQ54917E3931712516916D,k.donovan@nimbusplatform.com,all_email
01KQ54917E3931712516916D,kevin.obrien@aegiscloud.com,invitee
01KQ54917E3931712516916D,k.donovan@nimbusplatform.com,invitee
01KQ560FF1570C5E7F71D752,kevin.obrien@aegiscloud.com,all_email
01KQ560FF1570C5E7F71D752,v.cruz@coastalliving.com,all_email
01KQ560FF1570C5E7F71D752,kevin.obrien@aegiscloud.com,invitee
01KQ560FF1570C5E7F71D752,v.cruz@coastalliving.com,invitee
01KQ56786DD1E8A1BF174FDD,david.kim@aegiscloud.com,all_email
01KQ56786DD1E8A1BF174FDD,elena.vasquez@aegiscloud.com,all_email
01KQ56786DD1E8A1BF174FDD,g.hutchins@forgeindustries.com,all_email
01KQ56786DD1E8A1BF174FDD,d.moretti@forgeindustries.com,all_email
01KQ56786DD1E8A1BF174FDD,david.kim@aegiscloud.com,invitee
01KQ56786DD1E8A1BF174FDD,elena.vasquez@aegiscloud.com,invitee
01KQ56786DD1E8A1BF174FDD,g.hutchins@forgeindustries.com,invitee
01KQ56786DD1E8A1BF174FDD,d.moretti@forgeindustries.com,invitee
01KQ56AA6B60801ABC01AB1C,sarah.chen@aegiscloud.com,all_email
01KQ56AA6B60801ABC01AB1C,marcus.williams@aegiscloud.com,all_email
01KQ56AA6B60801ABC01AB1C,a.mehta@clearwatermed.com,all_email
01KQ56AA6B60801ABC01AB1C,n.simmons@clearwatermed.com,all_email
01KQ56AA6B60801ABC01AB1C,sarah.chen@aegiscloud.com,invitee
01KQ56AA6B60801ABC01AB1C,marcus.williams@aegiscloud.com,invitee
01KQ56AA6B60801ABC01AB1C,a.mehta@clearwatermed.com,invitee
01KQ56AA6B60801ABC01AB1C,n.simmons@clearwatermed.com,invitee
01KQ56D878454E5783DC6D94,david.kim@aegiscloud.com,all_email
01KQ56D878454E5783DC6D94,priya.patel@aegiscloud.com,all_email
01KQ56D878454E5783DC6D94,d.rowe@stratoscloud.io,all_email
01KQ56D878454E5783DC6D94,david.kim@aegiscloud.com,invitee
01KQ56D878454E5783DC6D94,priya.patel@aegiscloud.com,invitee
01KQ56D878454E5783DC6D94,d.rowe@stratoscloud.io,invitee
01KQ5A966832A146DA4B7D41,maria.santos@aegiscloud.com,all_email
01KQ5A966832A146DA4B7D41,a.monroe@summittrust.com,all_email
01KQ5A966832A146DA4B7D41,maria.santos@aegiscloud.com,invitee
01KQ5A966832A146DA4B7D41,a.monroe@summittrust.com,invitee
01KQ5AFAE8264DDC0ED2AE7F,rachel.torres@aegiscloud.com,all_email
01KQ5AFAE8264DDC0ED2AE7F,sofia.petrov@aegiscloud.com,all_email
01KQ5AFAE8264DDC0ED2AE7F,d.owens@crestlinewealth.com,all_email
01KQ5AFAE8264DDC0ED2AE7F,rachel.torres@aegiscloud.com,invitee
01KQ5AFAE8264DDC0ED2AE7F,sofia.petrov@aegiscloud.com,invitee
01KQ5AFAE8264DDC0ED2AE7F,d.owens@crestlinewealth.com,invitee
01KQ5BB8521F99E55470206E,sofia.petrov@aegiscloud.com,all_email
01KQ5BB8521F99E55470206E,nina.kowalski@aegiscloud.com,all_email
01KQ5BB8521F99E55470206E,tyler.washington@aegiscloud.com,all_email
01KQ5BB8521F99E55470206E,ravi.gupta@aegiscloud.com,all_email
01KQ5BB8521F99E55470206E,ananya.sharma@aegiscloud.com,all_email
01KQ5BB8521F99E55470206E,sofia.petrov@aegiscloud.com,invitee
01KQ5BB8521F99E55470206E,nina.kowalski@aegiscloud.com,invitee
01KQ5BB8521F99E55470206E,tyler.washington@aegiscloud.com,invitee
01KQ5BB8521F99E55470206E,ravi.gupta@aegiscloud.com,invitee
01KQ5BB8521F99E55470206E,ananya.sharma@aegiscloud.com,invitee
01KQ5D47170D4828E89EDE37,elena.vasquez@aegiscloud.com,all_email
01KQ5D47170D4828E89EDE37,d.moretti@forgeindustries.com,all_email
01KQ5D47170D4828E89EDE37,elena.vasquez@aegiscloud.com,invitee
01KQ5D47170D4828E89EDE37,d.moretti@forgeindustries.com,invitee
01KQ5EC1665DCFD7A6B62A59,marcus.williams@aegiscloud.com,all_email
01KQ5EC1665DCFD7A6B62A59,elena.vasquez@aegiscloud.com,all_email
01KQ5EC1665DCFD7A6B62A59,v.cruz@coastalliving.com,all_email
01KQ5EC1665DCFD7A6B62A59,marcus.williams@aegiscloud.com,invitee
01KQ5EC1665DCFD7A6B62A59,elena.vasquez@aegiscloud.com,invitee
01KQ5EC1665DCFD7A6B62A59,v.cruz@coastalliving.com,invitee
01KQ5F364545B542671FF9CE,sarah.chen@aegiscloud.com,all_email
01KQ5F364545B542671FF9CE,marcus.williams@aegiscloud.com,all_email
01KQ5F364545B542671FF9CE,j.hoffman@meridiancapital.com,all_email
01KQ5F364545B542671FF9CE,s.nakamura@meridiancapital.com,all_email
01KQ5F364545B542671FF9CE,sarah.chen@aegiscloud.com,invitee
01KQ5F364545B542671FF9CE,marcus.williams@aegiscloud.com,invitee
01KQ5F364545B542671FF9CE,j.hoffman@meridiancapital.com,invitee
01KQ5F364545B542671FF9CE,s.nakamura@meridiancapital.com,invitee
01KQ65D43540846FA994B6C4,rachel.torres@aegiscloud.com,all_email
01KQ65D43540846FA994B6C4,sofia.petrov@aegiscloud.com,all_email
01KQ65D43540846FA994B6C4,v.zheng@frostbyte.ai,all_email
01KQ65D43540846FA994B6C4,rachel.torres@aegiscloud.com,invitee
01KQ65D43540846FA994B6C4,sofia.petrov@aegiscloud.com,invitee
01KQ65D43540846FA994B6C4,v.zheng@frostbyte.ai,invitee
01KQ68FB3E9E60C4477CDAB4,ananya.sharma@aegiscloud.com,all_email
01KQ68FB3E9E60C4477CDAB4,ravi.gupta@aegiscloud.com,all_email
01KQ68FB3E9E60C4477CDAB4,mike.romano@aegiscloud.com,all_email
01KQ68FB3E9E60C4477CDAB4,nina.kowalski@aegiscloud.com,all_email
01KQ68FB3E9E60C4477CDAB4,ananya.sharma@aegiscloud.com,invitee
01KQ68FB3E9E60C4477CDAB4,ravi.gupta@aegiscloud.com,invitee
01KQ68FB3E9E60C4477CDAB4,mike.romano@aegiscloud.com,invitee
01KQ68FB3E9E60C4477CDAB4,nina.kowalski@aegiscloud.com,invitee
01KQ6A5CEAAFFBE3B0099E75,marcus.williams@aegiscloud.com,all_email
01KQ6A5CEAAFFBE3B0099E75,h.jensen@steelpointmfg.com,all_email
01KQ6A5CEAAFFBE3B0099E75,marcus.williams@aegiscloud.com,invitee
01KQ6A5CEAAFFBE3B0099E75,h.jensen@steelpointmfg.com,invitee
01KQ6CAA850EAFDC48B52846,maria.santos@aegiscloud.com,all_email
01KQ6CAA850EAFDC48B52846,c.page@ironworkscorp.com,all_email
01KQ6CAA850EAFDC48B52846,r.tang@ironworkscorp.com,all_email
01KQ6CAA850EAFDC48B52846,maria.santos@aegiscloud.com,invitee
01KQ6CAA850EAFDC48B52846,c.page@ironworkscorp.com,invitee
01KQ6CAA850EAFDC48B52846,r.tang@ironworkscorp.com,invitee
01KQ764171AC27A3A94DC695,tyler.washington@aegiscloud.com,all_email
01KQ764171AC27A3A94DC695,diana.reeves@aegiscloud.com,all_email
01KQ764171AC27A3A94DC695,chris.lee@aegiscloud.com,all_email
01KQ764171AC27A3A94DC695,tyler.washington@aegiscloud.com,invitee
01KQ764171AC27A3A94DC695,diana.reeves@aegiscloud.com,invitee
01KQ764171AC27A3A94DC695,chris.lee@aegiscloud.com,invitee
01KQ773D68723289E4A98889,sarah.chen@aegiscloud.com,all_email
01KQ773D68723289E4A98889,marcus.williams@aegiscloud.com,all_email
01KQ773D68723289E4A98889,k.wallace@brightpathcommerce.com,all_email
01KQ773D68723289E4A98889,sarah.chen@aegiscloud.com,invitee
01KQ773D68723289E4A98889,marcus.williams@aegiscloud.com,invitee
01KQ773D68723289E4A98889,k.wallace@brightpathcommerce.com,invitee
01KQ77F2867FC54E13A8C495,james.mitchell@aegiscloud.com,all_email
01KQ77F2867FC54E13A8C495,k.wallace@brightpathcommerce.com,all_email
01KQ77F2867FC54E13A8C495,james.mitchell@aegiscloud.com,invitee
01KQ77F2867FC54E13A8C495,k.wallace@brightpathcommerce.com,invitee
01KQ7B802912366FC0A24D4F,ravi.gupta@aegiscloud.com,all_email
01KQ7B802912366FC0A24D4F,hannah.liu@aegiscloud.com,all_email
01KQ7B802912366FC0A24D4F,ananya.sharma@aegiscloud.com,all_email
01KQ7B802912366FC0A24D4F,alex.reyes@aegiscloud.com,all_email
01KQ7B802912366FC0A24D4F,nina.kowalski@aegiscloud.com,all_email
01KQ7B802912366FC0A24D4F,ravi.gupta@aegiscloud.com,invitee
01KQ7B802912366FC0A24D4F,hannah.liu@aegiscloud.com,invitee
01KQ7B802912366FC0A24D4F,ananya.sharma@aegiscloud.com,invitee
01KQ7B802912366FC0A24D4F,alex.reyes@aegiscloud.com,invitee
01KQ7B802912366FC0A24D4F,nina.kowalski@aegiscloud.com,invitee
01KQ7BF0D56037FF89DC89B6,elena.vasquez@aegiscloud.com,all_email
01KQ7BF0D56037FF89DC89B6,david.kim@aegiscloud.com,all_email
01KQ7BF0D56037FF89DC89B6,i.brennan@trailheadmkt.com,all_email
01KQ7BF0D56037FF89DC89B6,elena.vasquez@aegiscloud.com,invitee
01KQ7BF0D56037FF89DC89B6,david.kim@aegiscloud.com,invitee
01KQ7BF0D56037FF89DC89B6,i.brennan@trailheadmkt.com,invitee
01KQ7F58A2E07B857C24624D,jordan.whitfield@aegiscloud.com,all_email
01KQ7F58A2E07B857C24624D,tom.bradley@aegiscloud.com,all_email
01KQ7F58A2E07B857C24624D,jordan.whitfield@aegiscloud.com,invitee
01KQ7F58A2E07B857C24624D,tom.bradley@aegiscloud.com,invitee
01KQ7FA71CF70FAFEE4B6251,aisha.johnson@aegiscloud.com,all_email
01KQ7FA71CF70FAFEE4B6251,s.blair@novaretail.com,all_email
01KQ7FA71CF70FAFEE4B6251,aisha.johnson@aegiscloud.com,invitee
01KQ7FA71CF70FAFEE4B6251,s.blair@novaretail.com,invitee
01KQ85D10E82A26A8F754FB8,maria.santos@aegiscloud.com,all_email
01KQ85D10E82A26A8F754FB8,kevin.obrien@aegiscloud.com,all_email
01KQ85D10E82A26A8F754FB8,e.park@bridgeporthealth.com,all_email
01KQ85D10E82A26A8F754FB8,maria.santos@aegiscloud.com,invitee
01KQ85D10E82A26A8F754FB8,kevin.obrien@aegiscloud.com,invitee
01KQ85D10E82A26A8F754FB8,e.park@bridgeporthealth.com,invitee
01KQ88B8EAEAA819C26CCBE7,elena.vasquez@aegiscloud.com,all_email
01KQ88B8EAEAA819C26CCBE7,g.yoon@northstarpharma.com,all_email
01KQ88B8EAEAA819C26CCBE7,f.delaney@northstarpharma.com,all_email
01KQ88B8EAEAA819C26CCBE7,elena.vasquez@aegiscloud.com,invitee
01KQ88B8EAEAA819C26CCBE7,g.yoon@northstarpharma.com,invitee
01KQ88B8EAEAA819C26CCBE7,f.delaney@northstarpharma.com,invitee
01KQ8C5A044F54EE1774D53C,maria.santos@aegiscloud.com,all_email
01KQ8C5A044F54EE1774D53C,kevin.obrien@aegiscloud.com,all_email
01KQ8C5A044F54EE1774D53C,c.ng@helixdata.io,all_email
01KQ8C5A044F54EE1774D53C,maria.santos@aegiscloud.com,invitee
01KQ8C5A044F54EE1774D53C,kevin.obrien@aegiscloud.com,invitee
01KQ8C5A044F54EE1774D53C,c.ng@helixdata.io,invitee
01KQ8D9A06510DD623EFB1A6,rachel.torres@aegiscloud.com,all_email
01KQ8D9A06510DD623EFB1A6,s.keating@pinnacleins.com,all_email
01KQ8D9A06510DD623EFB1A6,rachel.torres@aegiscloud.com,invitee
01KQ8D9A06510DD623EFB1A6,s.keating@pinnacleins.com,invitee
01KQ92EA85FE4C537400227D,priya.patel@aegiscloud.com,all_email
01KQ92EA85FE4C537400227D,w.beck@blackridgeinvest.com,all_email
01KQ92EA85FE4C537400227D,priya.patel@aegiscloud.com,invitee
01KQ92EA85FE4C537400227D,w.beck@blackridgeinvest.com,invitee
01KQ94C2B8B9B4668F3D3491,elena.vasquez@aegiscloud.com,all_email
01KQ94C2B8B9B4668F3D3491,sarah.chen@aegiscloud.com,all_email
01KQ94C2B8B9B4668F3D3491,m.ellison@ridgelinelogistics.com,all_email
01KQ94C2B8B9B4668F3D3491,elena.vasquez@aegiscloud.com,invitee
01KQ94C2B8B9B4668F3D3491,sarah.chen@aegiscloud.com,invitee
01KQ94C2B8B9B4668F3D3491,m.ellison@ridgelinelogistics.com,invitee
01KQ9772B2348F500FB09D1E,elena.vasquez@aegiscloud.com,all_email
01KQ9772B2348F500FB09D1E,v.cruz@coastalliving.com,all_email
01KQ9772B2348F500FB09D1E,elena.vasquez@aegiscloud.com,invitee
01KQ9772B2348F500FB09D1E,v.cruz@coastalliving.com,invitee
01KQ9A6BE09D73A9BB5798C7,david.kim@aegiscloud.com,all_email
01KQ9A6BE09D73A9BB5798C7,k.donovan@nimbusplatform.com,all_email
01KQ9A6BE09D73A9BB5798C7,david.kim@aegiscloud.com,invitee
01KQ9A6BE09D73A9BB5798C7,k.donovan@nimbusplatform.com,invitee
01KQ9BB82FD97C9607D57E90,maria.santos@aegiscloud.com,all_email
01KQ9BB82FD97C9607D57E90,v.cruz@coastalliving.com,all_email
01KQ9BB82FD97C9607D57E90,maria.santos@aegiscloud.com,invitee
01KQ9BB82FD97C9607D57E90,v.cruz@coastalliving.com,invitee
01KQ9BCA1794C9472726FFAD,jordan.whitfield@aegiscloud.com,all_email
01KQ9BCA1794C9472726FFAD,tom.bradley@aegiscloud.com,all_email
01KQ9BCA1794C9472726FFAD,diana.reeves@aegiscloud.com,all_email
01KQ9BCA1794C9472726FFAD,megan.lawson@aegiscloud.com,all_email
01KQ9BCA1794C9472726FFAD,brian.cho@aegiscloud.com,all_email
01KQ9BCA1794C9472726FFAD,jordan.whitfield@aegiscloud.com,invitee
01KQ9BCA1794C9472726FFAD,tom.bradley@aegiscloud.com,invitee
01KQ9BCA1794C9472726FFAD,diana.reeves@aegiscloud.com,invitee
01KQ9BCA1794C9472726FFAD,megan.lawson@aegiscloud.com,invitee
01KQ9BCA1794C9472726FFAD,brian.cho@aegiscloud.com,invitee
01KQA0F0BE68E74D66EB4171,james.mitchell@aegiscloud.com,all_email
01KQA0F0BE68E74D66EB4171,rachel.torres@aegiscloud.com,all_email
01KQA0F0BE68E74D66EB4171,tom.bradley@aegiscloud.com,all_email
01KQA0F0BE68E74D66EB4171,jordan.whitfield@aegiscloud.com,all_email
01KQA0F0BE68E74D66EB4171,kevin.obrien@aegiscloud.com,all_email
01KQA0F0BE68E74D66EB4171,james.mitchell@aegiscloud.com,invitee
01KQA0F0BE68E74D66EB4171,rachel.torres@aegiscloud.com,invitee
01KQA0F0BE68E74D66EB4171,tom.bradley@aegiscloud.com,invitee
01KQA0F0BE68E74D66EB4171,jordan.whitfield@aegiscloud.com,invitee
01KQA0F0BE68E74D66EB4171,kevin.obrien@aegiscloud.com,invitee
01KQA1AFDC1306A000B0C7D9,lisa.park@aegiscloud.com,all_email
01KQA1AFDC1306A000B0C7D9,aisha.johnson@aegiscloud.com,all_email
01KQA1AFDC1306A000B0C7D9,r.burke@vantahealth.com,all_email
01KQA1AFDC1306A000B0C7D9,lisa.park@aegiscloud.com,invitee
01KQA1AFDC1306A000B0C7D9,aisha.johnson@aegiscloud.com,invitee
01KQA1AFDC1306A000B0C7D9,r.burke@vantahealth.com,invitee
01KQA502E222E2A60330237B,kevin.obrien@aegiscloud.com,all_email
01KQA502E222E2A60330237B,daniel.okafor@aegiscloud.com,all_email
01KQA502E222E2A60330237B,ananya.sharma@aegiscloud.com,all_email
01KQA502E222E2A60330237B,y.tanaka@pineridge.io,all_email
01KQA502E222E2A60330237B,kevin.obrien@aegiscloud.com,invitee
01KQA502E222E2A60330237B,daniel.okafor@aegiscloud.com,invitee
01KQA502E222E2A60330237B,ananya.sharma@aegiscloud.com,invitee
01KQA502E222E2A60330237B,y.tanaka@pineridge.io,invitee
01KQA7DFCE1285F52192B34B,david.kim@aegiscloud.com,all_email
01KQA7DFCE1285F52192B34B,d.flores@silverlinebrands.com,all_email
01KQA7DFCE1285F52192B34B,david.kim@aegiscloud.com,invitee
01KQA7DFCE1285F52192B34B,d.flores@silverlinebrands.com,invitee
01KQAC572C34475A8791F2C3,mike.romano@aegiscloud.com,all_email
01KQAC572C34475A8791F2C3,ananya.sharma@aegiscloud.com,all_email
01KQAC572C34475A8791F2C3,ravi.gupta@aegiscloud.com,all_email
01KQAC572C34475A8791F2C3,sofia.petrov@aegiscloud.com,all_email
01KQAC572C34475A8791F2C3,mike.romano@aegiscloud.com,invitee
01KQAC572C34475A8791F2C3,ananya.sharma@aegiscloud.com,invitee
01KQAC572C34475A8791F2C3,ravi.gupta@aegiscloud.com,invitee
01KQAC572C34475A8791F2C3,sofia.petrov@aegiscloud.com,invitee
01KQADC32D89E2B76B698E84,sarah.chen@aegiscloud.com,all_email
01KQADC32D89E2B76B698E84,elena.vasquez@aegiscloud.com,all_email
01KQADC32D89E2B76B698E84,s.blair@novaretail.com,all_email
01KQADC32D89E2B76B698E84,a.coleman@novaretail.com,all_email
01KQADC32D89E2B76B698E84,sarah.chen@aegiscloud.com,invitee
01KQADC32D89E2B76B698E84,elena.vasquez@aegiscloud.com,invitee
01KQADC32D89E2B76B698E84,s.blair@novaretail.com,invitee
01KQADC32D89E2B76B698E84,a.coleman@novaretail.com,invitee
01KQADF3D76E82BF8BA19AF2,nina.kowalski@aegiscloud.com,all_email
01KQADF3D76E82BF8BA19AF2,diana.reeves@aegiscloud.com,all_email
01KQADF3D76E82BF8BA19AF2,raj.kapoor@aegiscloud.com,all_email
01KQADF3D76E82BF8BA19AF2,megan.lawson@aegiscloud.com,all_email
01KQADF3D76E82BF8BA19AF2,nina.kowalski@aegiscloud.com,invitee
01KQADF3D76E82BF8BA19AF2,diana.reeves@aegiscloud.com,invitee
01KQADF3D76E82BF8BA19AF2,raj.kapoor@aegiscloud.com,invitee
01KQADF3D76E82BF8BA19AF2,megan.lawson@aegiscloud.com,invitee
01KQAEA50436D047BC39CFC7,maria.santos@aegiscloud.com,all_email
01KQAEA50436D047BC39CFC7,d.owens@crestlinewealth.com,all_email
01KQAEA50436D047BC39CFC7,maria.santos@aegiscloud.com,invitee
01KQAEA50436D047BC39CFC7,d.owens@crestlinewealth.com,invitee
01KQAFB8DBF6E1E2FDEF0B75,aisha.johnson@aegiscloud.com,all_email
01KQAFB8DBF6E1E2FDEF0B75,sofia.petrov@aegiscloud.com,all_email
01KQAFB8DBF6E1E2FDEF0B75,n.perry@maplewoodgoods.com,all_email
01KQAFB8DBF6E1E2FDEF0B75,aisha.johnson@aegiscloud.com,invitee
01KQAFB8DBF6E1E2FDEF0B75,sofia.petrov@aegiscloud.com,invitee
01KQAFB8DBF6E1E2FDEF0B75,n.perry@maplewoodgoods.com,invitee
01KQB3B16F255B65F39597D0,hannah.liu@aegiscloud.com,all_email
01KQB3B16F255B65F39597D0,ananya.sharma@aegiscloud.com,all_email
01KQB3B16F255B65F39597D0,mike.romano@aegiscloud.com,all_email
01KQB3B16F255B65F39597D0,hannah.liu@aegiscloud.com,invitee
01KQB3B16F255B65F39597D0,ananya.sharma@aegiscloud.com,invitee
01KQB3B16F255B65F39597D0,mike.romano@aegiscloud.com,invitee
01KQB632F1ADC378C42F2C03,david.kim@aegiscloud.com,all_email
01KQB632F1ADC378C42F2C03,m.tan@silverlinebrands.com,all_email
01KQB632F1ADC378C42F2C03,d.flores@silverlinebrands.com,all_email
01KQB632F1ADC378C42F2C03,david.kim@aegiscloud.com,invitee
01KQB632F1ADC378C42F2C03,m.tan@silverlinebrands.com,invitee
01KQB632F1ADC378C42F2C03,d.flores@silverlinebrands.com,invitee
01KQB95605C6F873C6036285,maria.santos@aegiscloud.com,all_email
01KQB95605C6F873C6036285,ananya.sharma@aegiscloud.com,all_email
01KQB95605C6F873C6036285,g.hutchins@forgeindustries.com,all_email
01KQB95605C6F873C6036285,maria.santos@aegiscloud.com,invitee
01KQB95605C6F873C6036285,ananya.sharma@aegiscloud.com,invitee
01KQB95605C6F873C6036285,g.hutchins@forgeindustries.com,invitee
01KQBB7C4D4789DB2F3DA9C2,sarah.chen@aegiscloud.com,all_email
01KQBB7C4D4789DB2F3DA9C2,priya.patel@aegiscloud.com,all_email
01KQBB7C4D4789DB2F3DA9C2,l.cheng@vantahealth.com,all_email
01KQBB7C4D4789DB2F3DA9C2,r.burke@vantahealth.com,all_email
01KQBB7C4D4789DB2F3DA9C2,sarah.chen@aegiscloud.com,invitee
01KQBB7C4D4789DB2F3DA9C2,priya.patel@aegiscloud.com,invitee
01KQBB7C4D4789DB2F3DA9C2,l.cheng@vantahealth.com,invitee
01KQBB7C4D4789DB2F3DA9C2,r.burke@vantahealth.com,invitee
01KQBBF753B44DE677670E6D,david.kim@aegiscloud.com,all_email
01KQBBF753B44DE677670E6D,a.monroe@summittrust.com,all_email
01KQBBF753B44DE677670E6D,g.fisk@summittrust.com,all_email
01KQBBF753B44DE677670E6D,david.kim@aegiscloud.com,invitee
01KQBBF753B44DE677670E6D,a.monroe@summittrust.com,invitee
01KQBBF753B44DE677670E6D,g.fisk@summittrust.com,invitee
01KQC1267BEB344076DD7656,maria.santos@aegiscloud.com,all_email
01KQC1267BEB344076DD7656,kevin.obrien@aegiscloud.com,all_email
01KQC1267BEB344076DD7656,r.langston@ironcladfinancial.com,all_email
01KQC1267BEB344076DD7656,t.desai@ironcladfinancial.com,all_email
01KQC1267BEB344076DD7656,maria.santos@aegiscloud.com,invitee
01KQC1267BEB344076DD7656,kevin.obrien@aegiscloud.com,invitee
01KQC1267BEB344076DD7656,r.langston@ironcladfinancial.com,invitee
01KQC1267BEB344076DD7656,t.desai@ironcladfinancial.com,invitee
01KQC166F678CBA584AAFF8B,sarah.chen@aegiscloud.com,all_email
01KQC166F678CBA584AAFF8B,d.owens@crestlinewealth.com,all_email
01KQC166F678CBA584AAFF8B,sarah.chen@aegiscloud.com,invitee
01KQC166F678CBA584AAFF8B,d.owens@crestlinewealth.com,invitee
01KQC3A2EBC501837E973B16,james.mitchell@aegiscloud.com,all_email
01KQC3A2EBC501837E973B16,ananya.sharma@aegiscloud.com,all_email
01KQC3A2EBC501837E973B16,v.zheng@frostbyte.ai,all_email
01KQC3A2EBC501837E973B16,o.strand@frostbyte.ai,all_email
01KQC3A2EBC501837E973B16,james.mitchell@aegiscloud.com,invitee
01KQC3A2EBC501837E973B16,ananya.sharma@aegiscloud.com,invitee
01KQC3A2EBC501837E973B16,v.zheng@frostbyte.ai,invitee
01KQC3A2EBC501837E973B16,o.strand@frostbyte.ai,invitee
01KQCA6EA8B603EBB6C9FE34,daniel.okafor@aegiscloud.com,all_email
01KQCA6EA8B603EBB6C9FE34,p.schneider@ridgelinelogistics.com,all_email
01KQCA6EA8B603EBB6C9FE34,daniel.okafor@aegiscloud.com,invitee
01KQCA6EA8B603EBB6C9FE34,p.schneider@ridgelinelogistics.com,invitee
01KQCF9872BF130D33B1B5EC,alex.reyes@aegiscloud.com,all_email
01KQCF9872BF130D33B1B5EC,nina.kowalski@aegiscloud.com,all_email
01KQCF9872BF130D33B1B5EC,jordan.whitfield@aegiscloud.com,all_email
01KQCF9872BF130D33B1B5EC,alex.reyes@aegiscloud.com,invitee
01KQCF9872BF130D33B1B5EC,nina.kowalski@aegiscloud.com,invitee
01KQCF9872BF130D33B1B5EC,jordan.whitfield@aegiscloud.com,invitee
01KQD1270E98A7DFC55ADCF8,tyler.washington@aegiscloud.com,all_email
01KQD1270E98A7DFC55ADCF8,nina.kowalski@aegiscloud.com,all_email
01KQD1270E98A7DFC55ADCF8,chris.lee@aegiscloud.com,all_email
01KQD1270E98A7DFC55ADCF8,sofia.petrov@aegiscloud.com,all_email
01KQD1270E98A7DFC55ADCF8,tyler.washington@aegiscloud.com,invitee
01KQD1270E98A7DFC55ADCF8,nina.kowalski@aegiscloud.com,invitee
01KQD1270E98A7DFC55ADCF8,chris.lee@aegiscloud.com,invitee
01KQD1270E98A7DFC55ADCF8,sofia.petrov@aegiscloud.com,invitee
01KQD199788883B6F18C81E8,daniel.okafor@aegiscloud.com,all_email
01KQD199788883B6F18C81E8,mike.romano@aegiscloud.com,all_email
01KQD199788883B6F18C81E8,w.keller@atlasprecision.com,all_email
01KQD199788883B6F18C81E8,daniel.okafor@aegiscloud.com,invitee
01KQD199788883B6F18C81E8,mike.romano@aegiscloud.com,invitee
01KQD199788883B6F18C81E8,w.keller@atlasprecision.com,invitee
01KQD4D9DEBA2D55AC2AA9F5,lisa.park@aegiscloud.com,all_email
01KQD4D9DEBA2D55AC2AA9F5,rachel.torres@aegiscloud.com,all_email
01KQD4D9DEBA2D55AC2AA9F5,p.lau@keystonehealth.com,all_email
01KQD4D9DEBA2D55AC2AA9F5,lisa.park@aegiscloud.com,invitee
01KQD4D9DEBA2D55AC2AA9F5,rachel.torres@aegiscloud.com,invitee
01KQD4D9DEBA2D55AC2AA9F5,p.lau@keystonehealth.com,invitee
01KQDD5172176D02DB51360A,priya.patel@aegiscloud.com,all_email
01KQDD5172176D02DB51360A,l.cheng@vantahealth.com,all_email
01KQDD5172176D02DB51360A,priya.patel@aegiscloud.com,invitee
01KQDD5172176D02DB51360A,l.cheng@vantahealth.com,invitee
01KQE110900B8A65D80AE694,sofia.petrov@aegiscloud.com,all_email
01KQE110900B8A65D80AE694,mike.romano@aegiscloud.com,all_email
01KQE110900B8A65D80AE694,tyler.washington@aegiscloud.com,all_email
01KQE110900B8A65D80AE694,nina.kowalski@aegiscloud.com,all_email
01KQE110900B8A65D80AE694,ananya.sharma@aegiscloud.com,all_email
01KQE110900B8A65D80AE694,sofia.petrov@aegiscloud.com,invitee
01KQE110900B8A65D80AE694,mike.romano@aegiscloud.com,invitee
01KQE110900B8A65D80AE694,tyler.washington@aegiscloud.com,invitee
01KQE110900B8A65D80AE694,nina.kowalski@aegiscloud.com,invitee
01KQE110900B8A65D80AE694,ananya.sharma@aegiscloud.com,invitee
01KQEDB92E33CF9945A7F71B,david.kim@aegiscloud.com,all_email
01KQEDB92E33CF9945A7F71B,l.bishop@cobaltsoftware.com,all_email
01KQEDB92E33CF9945A7F71B,david.kim@aegiscloud.com,invitee
01KQEDB92E33CF9945A7F71B,l.bishop@cobaltsoftware.com,invitee
01KQEDE682B4A8D67C657CF1,sarah.chen@aegiscloud.com,all_email
01KQEDE682B4A8D67C657CF1,d.flores@silverlinebrands.com,all_email
01KQEDE682B4A8D67C657CF1,m.tan@silverlinebrands.com,all_email
01KQEDE682B4A8D67C657CF1,sarah.chen@aegiscloud.com,invitee
01KQEDE682B4A8D67C657CF1,d.flores@silverlinebrands.com,invitee
01KQEDE682B4A8D67C657CF1,m.tan@silverlinebrands.com,invitee
01KQF9600A904ADE8605B3F0,tyler.washington@aegiscloud.com,all_email
01KQF9600A904ADE8605B3F0,ravi.gupta@aegiscloud.com,all_email
01KQF9600A904ADE8605B3F0,chris.lee@aegiscloud.com,all_email
01KQF9600A904ADE8605B3F0,tyler.washington@aegiscloud.com,invitee
01KQF9600A904ADE8605B3F0,ravi.gupta@aegiscloud.com,invitee
01KQF9600A904ADE8605B3F0,chris.lee@aegiscloud.com,invitee
01KQFEEFFF8E80B0DFD10880,ravi.gupta@aegiscloud.com,all_email
01KQFEEFFF8E80B0DFD10880,nina.kowalski@aegiscloud.com,all_email
01KQFEEFFF8E80B0DFD10880,diana.reeves@aegiscloud.com,all_email
01KQFEEFFF8E80B0DFD10880,tyler.washington@aegiscloud.com,all_email
01KQFEEFFF8E80B0DFD10880,ravi.gupta@aegiscloud.com,invitee
01KQFEEFFF8E80B0DFD10880,nina.kowalski@aegiscloud.com,invitee
01KQFEEFFF8E80B0DFD10880,diana.reeves@aegiscloud.com,invitee
01KQFEEFFF8E80B0DFD10880,tyler.washington@aegiscloud.com,invitee
01KQFFC0F889AE8CFEE7A00D,aisha.johnson@aegiscloud.com,all_email
01KQFFC0F889AE8CFEE7A00D,ananya.sharma@aegiscloud.com,all_email
01KQFFC0F889AE8CFEE7A00D,j.tran@blackridgeinvest.com,all_email
01KQFFC0F889AE8CFEE7A00D,aisha.johnson@aegiscloud.com,invitee
01KQFFC0F889AE8CFEE7A00D,ananya.sharma@aegiscloud.com,invitee
01KQFFC0F889AE8CFEE7A00D,j.tran@blackridgeinvest.com,invitee
